Country,date,Life Expectancy,Health Expenditure
United Kingdom,2021,,
United Kingdom,2020,80.90243902,80.90243902
United Kingdom,2019,81.20487805,81.20487805
United Kingdom,2018,81.25609756,81.25609756
United Kingdom,2017,81.25609756,81.25609756
United Kingdom,2016,81.15609756,81.15609756
United Kingdom,2015,80.95609756,80.95609756
United Kingdom,2014,81.30487805,81.30487805
United Kingdom,2013,81.00487805,81.00487805
United Kingdom,2012,80.90487805,80.90487805
United Kingdom,2011,80.95121951,80.95121951
United Kingdom,2010,80.40243902,80.40243902
United Kingdom,2009,80.05121951,80.05121951
United Kingdom,2008,79.6,79.6
United Kingdom,2007,79.44878049,79.44878049
United Kingdom,2006,79.24878049,79.24878049
United Kingdom,2005,79.04878049,79.04878049
United Kingdom,2004,78.74634146,78.74634146
United Kingdom,2003,78.44634146,78.44634146
United Kingdom,2002,78.14390244,78.14390244
United Kingdom,2001,77.99268293,77.99268293
United Kingdom,2000,77.74146341,77.74146341
United Kingdom,1999,77.3902439,77.3902439
United Kingdom,1998,77.1902439,77.1902439
United Kingdom,1997,77.21097561,77.21097561
United Kingdom,1996,77.08780488,77.08780488
United Kingdom,1995,76.83658537,76.83658537
United Kingdom,1994,76.88536585,76.88536585
United Kingdom,1993,76.38536585,76.38536585
United Kingdom,1992,76.43414634,76.43414634
United Kingdom,1991,76.08292683,76.08292683
United Kingdom,1990,75.8804878,75.8804878
United Kingdom,1989,75.58292683,75.58292683
United Kingdom,1988,75.3804878,75.3804878
United Kingdom,1987,75.2804878,75.2804878
United Kingdom,1986,74.92926829,74.92926829
United Kingdom,1985,74.62926829,74.62926829
United Kingdom,1984,74.77804878,74.77804878
United Kingdom,1983,74.37804878,74.37804878
United Kingdom,1982,74.17804878,74.17804878
United Kingdom,1981,74.02682927,74.02682927
United Kingdom,1980,73.67560976,73.67560976
United Kingdom,1979,73.27560976,73.27560976
United Kingdom,1978,73.17560976,73.17560976
United Kingdom,1977,73.22439024,73.22439024
United Kingdom,1976,72.77560976,72.77560976
United Kingdom,1975,72.72439024,72.72439024
United Kingdom,1974,72.52439024,72.52439024
United Kingdom,1973,72.32439024,72.32439024
United Kingdom,1972,72.12439024,72.12439024
India,2021,,
India,2020,70.15,70.15
India,2019,70.91,70.91
India,2018,70.71,70.71
India,2017,70.467,70.467
India,2016,70.117,70.117
India,2015,69.636,69.636
India,2014,69.074,69.074
India,2013,68.46,68.46
India,2012,67.887,67.887
India,2011,67.359,67.359
India,2010,66.909,66.909
India,2009,66.513,66.513
India,2008,66.149,66.149
India,2007,65.788,65.788
India,2006,65.412,65.412
India,2005,64.996,64.996
India,2004,64.524,64.524
India,2003,64.094,64.094
India,2002,63.616,63.616
India,2001,63.091,63.091
India,2000,62.669,62.669
India,1999,62.207,62.207
India,1998,61.792,61.792
India,1997,61.388,61.388
India,1996,60.984,60.984
India,1995,60.596,60.596
India,1994,60.216,60.216
India,1993,59.815,59.815
India,1992,59.452,59.452
India,1991,59.055,59.055
India,1990,58.652,58.652
India,1989,58.233,58.233
India,1988,57.777,57.777
India,1987,57.315,57.315
India,1986,56.835,56.835
India,1985,56.334,56.334
India,1984,55.816,55.816
India,1983,55.281,55.281
India,1982,54.732,54.732
India,1981,54.175,54.175
India,1980,53.611,53.611
India,1979,53.06,53.06
India,1978,52.492,52.492
India,1977,51.909,51.909
India,1976,51.388,51.388
India,1975,50.812,50.812
India,1974,50.244,50.244
India,1973,49.539,49.539
India,1972,49.025,49.025
Channel Islands,2021,,
Channel Islands,2020,81.264,81.264
Channel Islands,2019,81.39,81.39
Channel Islands,2018,81.375,81.375
Channel Islands,2017,81.331,81.331
Channel Islands,2016,81.366,81.366
Channel Islands,2015,81.433,81.433
Channel Islands,2014,81.884,81.884
Channel Islands,2013,81.516,81.516
Channel Islands,2012,81.339,81.339
Channel Islands,2011,81.726,81.726
Channel Islands,2010,81.12,81.12
Channel Islands,2009,80.995,80.995
Channel Islands,2008,81.317,81.317
Channel Islands,2007,81.166,81.166
Channel Islands,2006,80.694,80.694
Channel Islands,2005,80.344,80.344
Channel Islands,2004,80.125,80.125
Channel Islands,2003,79.618,79.618
Channel Islands,2002,78.906,78.906
Channel Islands,2001,79.277,79.277
Channel Islands,2000,79.155,79.155
Channel Islands,1999,78.935,78.935
Channel Islands,1998,78.898,78.898
Channel Islands,1997,78.211,78.211
Channel Islands,1996,77.962,77.962
Channel Islands,1995,77.749,77.749
Channel Islands,1994,78.005,78.005
Channel Islands,1993,76.547,76.547
Channel Islands,1992,78.125,78.125
Channel Islands,1991,76.617,76.617
Channel Islands,1990,77.185,77.185
Channel Islands,1989,77.211,77.211
Channel Islands,1988,77.045,77.045
Channel Islands,1987,76.623,76.623
Channel Islands,1986,75.616,75.616
Channel Islands,1985,75.266,75.266
Channel Islands,1984,76.076,76.076
Channel Islands,1983,74.041,74.041
Channel Islands,1982,74.87,74.87
Channel Islands,1981,73.858,73.858
Channel Islands,1980,73.428,73.428
Channel Islands,1979,72.509,72.509
Channel Islands,1978,73.211,73.211
Channel Islands,1977,72.833,72.833
Channel Islands,1976,72.57,72.57
Channel Islands,1975,71.651,71.651
Channel Islands,1974,72.237,72.237
Channel Islands,1973,72.148,72.148
Channel Islands,1972,71.868,71.868
Canada,2021,,
Canada,2020,81.74878049,81.74878049
Canada,2019,82.04878049,82.04878049
Canada,2018,82.04878049,82.04878049
Canada,2017,81.9,81.9
Canada,2016,81.9,81.9
Canada,2015,81.9,81.9
Canada,2014,81.8,81.8
Canada,2013,81.74878049,81.74878049
Canada,2012,81.64878049,81.64878049
Canada,2011,81.44878049,81.44878049
Canada,2010,81.24634146,81.24634146
Canada,2009,80.99512195,80.99512195
Canada,2008,80.69512195,80.69512195
Canada,2007,80.54390244,80.54390244
Canada,2006,80.34390244,80.34390244
Canada,2005,80.19268293,80.19268293
Canada,2004,79.89268293,79.89268293
Canada,2003,79.74146341,79.74146341
Canada,2002,79.4902439,79.4902439
Canada,2001,79.33902439,79.33902439
Canada,2000,79.13658537,79.13658537
Canada,1999,78.88536585,78.88536585
Canada,1998,78.63414634,78.63414634
Canada,1997,78.43170732,78.43170732
Canada,1996,78.1804878,78.1804878
Canada,1995,78.02926829,78.02926829
Canada,1994,77.82682927,77.82682927
Canada,1993,77.82439024,77.82439024
Canada,1992,77.72439024,77.72439024
Canada,1991,77.62195122,77.62195122
Canada,1990,77.42195122,77.42195122
Canada,1989,77.1195122,77.1195122
Canada,1988,76.9195122,76.9195122
Canada,1987,76.7195122,76.7195122
Canada,1986,76.5195122,76.5195122
Canada,1985,76.36829268,76.36829268
Canada,1984,76.21707317,76.21707317
Canada,1983,76.06585366,76.06585366
Canada,1982,75.76341463,75.76341463
Canada,1981,75.46341463,75.46341463
Canada,1980,75.07804878,75.07804878
Canada,1979,74.86634146,74.86634146
Canada,1978,74.5297561,74.5297561
Canada,1977,74.21560976,74.21560976
Canada,1976,73.85609756,73.85609756
Canada,1975,73.52170732,73.52170732
Canada,1974,73.23756098,73.23756098
Canada,1973,73.16268293,73.16268293
Canada,1972,72.93390244,72.93390244
Australia,2021,,
Australia,2020,83.2,83.2
Australia,2019,82.9,82.9
Australia,2018,82.74878049,82.74878049
Australia,2017,82.5,82.5
Australia,2016,82.44878049,82.44878049
Australia,2015,82.4,82.4
Australia,2014,82.3,82.3
Australia,2013,82.14878049,82.14878049
Australia,2012,82.04634146,82.04634146
Australia,2011,81.89512195,81.89512195
Australia,2010,81.69512195,81.69512195
Australia,2009,81.54390244,81.54390244
Australia,2008,81.39512195,81.39512195
Australia,2007,81.29268293,81.29268293
Australia,2006,81.04146341,81.04146341
Australia,2005,80.84146341,80.84146341
Australia,2004,80.4902439,80.4902439
Australia,2003,80.23902439,80.23902439
Australia,2002,79.93658537,79.93658537
Australia,2001,79.63414634,79.63414634
Australia,2000,79.23414634,79.23414634
Australia,1999,78.93170732,78.93170732
Australia,1998,78.63170732,78.63170732
Australia,1997,78.4804878,78.4804878
Australia,1996,78.07804878,78.07804878
Australia,1995,77.82926829,77.82926829
Australia,1994,77.87804878,77.87804878
Australia,1993,77.87804878,77.87804878
Australia,1992,77.37804878,77.37804878
Australia,1991,77.27560976,77.27560976
Australia,1990,76.99463415,76.99463415
Australia,1989,76.71365854,76.71365854
Australia,1988,76.43268293,76.43268293
Australia,1987,76.15170732,76.15170732
Australia,1986,75.87073171,75.87073171
Australia,1985,75.62926829,75.62926829
Australia,1984,75.38780488,75.38780488
Australia,1983,75.14634146,75.14634146
Australia,1982,74.90487805,74.90487805
Australia,1981,74.66341463,74.66341463
Australia,1980,74.33365854,74.33365854
Australia,1979,74.00390244,74.00390244
Australia,1978,73.67414634,73.67414634
Australia,1977,73.34439024,73.34439024
Australia,1976,73.01463415,73.01463415
Australia,1975,72.62536585,72.62536585
Australia,1974,72.23609756,72.23609756
Australia,1973,71.84682927,71.84682927
Australia,1972,71.45756098,71.45756098
Afghanistan,2021,,
Afghanistan,2020,62.575,62.575
Afghanistan,2019,63.565,63.565
Afghanistan,2018,63.081,63.081
Afghanistan,2017,63.016,63.016
Afghanistan,2016,63.136,63.136
Afghanistan,2015,62.659,62.659
Afghanistan,2014,62.545,62.545
Afghanistan,2013,62.417,62.417
Afghanistan,2012,61.923,61.923
Afghanistan,2011,61.419,61.419
Afghanistan,2010,60.851,60.851
Afghanistan,2009,60.364,60.364
Afghanistan,2008,59.852,59.852
Afghanistan,2007,59.111,59.111
Afghanistan,2006,58.684,58.684
Afghanistan,2005,58.361,58.361
Afghanistan,2004,57.944,57.944
Afghanistan,2003,57.344,57.344
Afghanistan,2002,56.454,56.454
Afghanistan,2001,55.798,55.798
Afghanistan,2000,55.298,55.298
Afghanistan,1999,54.846,54.846
Afghanistan,1998,52.943,52.943
Afghanistan,1997,53.634,53.634
Afghanistan,1996,53.243,53.243
Afghanistan,1995,52.544,52.544
Afghanistan,1994,51.495,51.495
Afghanistan,1993,51.466,51.466
Afghanistan,1992,47.596,47.596
Afghanistan,1991,46.663,46.663
Afghanistan,1990,45.967,45.967
Afghanistan,1989,45.158,45.158
Afghanistan,1988,43.958,43.958
Afghanistan,1987,39.844,39.844
Afghanistan,1986,39.396,39.396
Afghanistan,1985,33.55,33.55
Afghanistan,1984,33.329,33.329
Afghanistan,1983,38.187,38.187
Afghanistan,1982,37.766,37.766
Afghanistan,1981,40.164,40.164
Afghanistan,1980,39.618,39.618
Afghanistan,1979,39.086,39.086
Afghanistan,1978,40.271,40.271
Afghanistan,1977,41.228,41.228
Afghanistan,1976,40.645,40.645
Afghanistan,1975,40.1,40.1
Afghanistan,1974,39.55,39.55
Afghanistan,1973,39.003,39.003
Afghanistan,1972,38.444,38.444
Qatar,2021,,
Qatar,2020,79.099,79.099
Qatar,2019,80.99,80.99
Qatar,2018,80.898,80.898
Qatar,2017,80.717,80.717
Qatar,2016,80.433,80.433
Qatar,2015,80.064,80.064
Qatar,2014,79.768,79.768
Qatar,2013,79.536,79.536
Qatar,2012,79.227,79.227
Qatar,2011,78.891,78.891
Qatar,2010,78.425,78.425
Qatar,2009,77.878,77.878
Qatar,2008,77.427,77.427
Qatar,2007,77.016,77.016
Qatar,2006,76.57,76.57
Qatar,2005,76.064,76.064
Qatar,2004,75.961,75.961
Qatar,2003,75.565,75.565
Qatar,2002,75.412,75.412
Qatar,2001,75.263,75.263
Qatar,2000,74.828,74.828
Qatar,1999,74.8,74.8
Qatar,1998,74.809,74.809
Qatar,1997,74.787,74.787
Qatar,1996,74.685,74.685
Qatar,1995,74.25,74.25
Qatar,1994,74.348,74.348
Qatar,1993,74.243,74.243
Qatar,1992,74.122,74.122
Qatar,1991,73.966,73.966
Qatar,1990,73.982,73.982
Qatar,1989,73.594,73.594
Qatar,1988,73.164,73.164
Qatar,1987,73.019,73.019
Qatar,1986,72.587,72.587
Qatar,1985,72.381,72.381
Qatar,1984,72.186,72.186
Qatar,1983,71.709,71.709
Qatar,1982,71.504,71.504
Qatar,1981,71.304,71.304
Qatar,1980,70.801,70.801
Qatar,1979,70.581,70.581
Qatar,1978,70.19,70.19
Qatar,1977,69.837,69.837
Qatar,1976,69.385,69.385
Qatar,1975,69.008,69.008
Qatar,1974,68.552,68.552
Qatar,1973,68.049,68.049
Qatar,1972,67.612,67.612
Israel,2021,,
Israel,2020,82.7,82.7
Israel,2019,82.80487805,82.80487805
Israel,2018,82.80243902,82.80243902
Israel,2017,82.55121951,82.55121951
Israel,2016,82.40731707,82.40731707
Israel,2015,82.05121951,82.05121951
Israel,2014,82.15365854,82.15365854
Israel,2013,82.05609756,82.05609756
Israel,2012,81.70487805,81.70487805
Israel,2011,81.65609756,81.65609756
Israel,2010,81.60243902,81.60243902
Israel,2009,81.40487805,81.40487805
Israel,2008,80.95121951,80.95121951
Israel,2007,80.50487805,80.50487805
Israel,2006,80.55365854,80.55365854
Israel,2005,80.15121951,80.15121951
Israel,2004,80.14634146,80.14634146
Israel,2003,79.64878049,79.64878049
Israel,2002,79.45121951,79.45121951
Israel,2001,79.40731707,79.40731707
Israel,2000,78.95365854,78.95365854
Israel,1999,78.65853659,78.65853659
Israel,1998,78.14878049,78.14878049
Israel,1997,78,78
Israel,1996,78.10487805,78.10487805
Israel,1995,77.45121951,77.45121951
Israel,1994,77.40243902,77.40243902
Israel,1993,77.15365854,77.15365854
Israel,1992,76.50487805,76.50487805
Israel,1991,76.75853659,76.75853659
Israel,1990,76.60731707,76.60731707
Israel,1989,76.30731707,76.30731707
Israel,1988,74.43658537,74.43658537
Israel,1987,75.25853659,75.25853659
Israel,1986,74.95609756,74.95609756
Israel,1985,75.20731707,75.20731707
Israel,1984,74.80731707,74.80731707
Israel,1983,74.45853659,74.45853659
Israel,1982,74.1097561,74.1097561
Israel,1981,74.26097561,74.26097561
Israel,1980,73.87560976,73.87560976
Israel,1979,73.50731707,73.50731707
Israel,1978,73.20731707,73.20731707
Israel,1977,72.95853659,72.95853659
Israel,1976,72.95609756,72.95609756
Israel,1975,72.04512195,72.04512195
Israel,1974,71.66170732,71.66170732
Israel,1973,71.69341463,71.69341463
Israel,1972,71.07804878,71.07804878
Pakistan,2021,,
Pakistan,2020,66.269,66.269
Pakistan,2019,66.756,66.756
Pakistan,2018,66.482,66.482
Pakistan,2017,66.297,66.297
Pakistan,2016,65.88,65.88
Pakistan,2015,65.697,65.697
Pakistan,2014,65.284,65.284
Pakistan,2013,65.15,65.15
Pakistan,2012,64.782,64.782
Pakistan,2011,64.648,64.648
Pakistan,2010,64.436,64.436
Pakistan,2009,64.14,64.14
Pakistan,2008,64.036,64.036
Pakistan,2007,63.852,63.852
Pakistan,2006,63.731,63.731
Pakistan,2005,62.466,62.466
Pakistan,2004,63.052,63.052
Pakistan,2003,62.843,62.843
Pakistan,2002,62.626,62.626
Pakistan,2001,62.421,62.421
Pakistan,2000,62.102,62.102
Pakistan,1999,61.679,61.679
Pakistan,1998,61.09,61.09
Pakistan,1997,60.603,60.603
Pakistan,1996,60.398,60.398
Pakistan,1995,59.878,59.878
Pakistan,1994,60.116,60.116
Pakistan,1993,59.934,59.934
Pakistan,1992,60.116,60.116
Pakistan,1991,60.259,60.259
Pakistan,1990,60.066,60.066
Pakistan,1989,59.62,59.62
Pakistan,1988,59.356,59.356
Pakistan,1987,59.066,59.066
Pakistan,1986,59.464,59.464
Pakistan,1985,59.363,59.363
Pakistan,1984,59.332,59.332
Pakistan,1983,58.947,58.947
Pakistan,1982,58.416,58.416
Pakistan,1981,58.052,58.052
Pakistan,1980,57.606,57.606
Pakistan,1979,57.146,57.146
Pakistan,1978,56.737,56.737
Pakistan,1977,56.252,56.252
Pakistan,1976,56.113,56.113
Pakistan,1975,55.905,55.905
Pakistan,1974,55.472,55.472
Pakistan,1973,55.486,55.486
Pakistan,1972,55.239,55.239
Ireland,2021,,
Ireland,2020,82.20487805,82.20487805
Ireland,2019,82.70243902,82.70243902
Ireland,2018,82.20487805,82.20487805
Ireland,2017,82.15609756,82.15609756
Ireland,2016,81.65365854,81.65365854
Ireland,2015,81.45365854,81.45365854
Ireland,2014,81.34878049,81.34878049
Ireland,2013,80.94878049,80.94878049
Ireland,2012,80.84634146,80.84634146
Ireland,2011,80.74634146,80.74634146
Ireland,2010,80.74390244,80.74390244
Ireland,2009,80.1902439,80.1902439
Ireland,2008,80.09512195,80.09512195
Ireland,2007,79.64146341,79.64146341
Ireland,2006,79.24146341,79.24146341
Ireland,2005,78.94390244,78.94390244
Ireland,2004,78.53902439,78.53902439
Ireland,2003,78.13902439,78.13902439
Ireland,2002,77.63414634,77.63414634
Ireland,2001,77.13414634,77.13414634
Ireland,2000,76.53658537,76.53658537
Ireland,1999,76.08292683,76.08292683
Ireland,1998,76.1804878,76.1804878
Ireland,1997,75.98536585,75.98536585
Ireland,1996,75.83170732,75.83170732
Ireland,1995,75.46980488,75.46980488
Ireland,1994,75.78712195,75.78712195
Ireland,1993,75.29219512,75.29219512
Ireland,1992,75.41509756,75.41509756
Ireland,1991,75.025,75.025
Ireland,1990,74.84607317,74.84607317
Ireland,1989,74.45521951,74.45521951
Ireland,1988,74.43941463,74.43941463
Ireland,1987,74.43239024,74.43239024
Ireland,1986,73.66553659,73.66553659
Ireland,1985,73.62190244,73.62190244
Ireland,1984,73.66373171,73.66373171
Ireland,1983,73.24009756,73.24009756
Ireland,1982,73.20904878,73.20904878
Ireland,1981,72.95178049,72.95178049
Ireland,1980,72.59541463,72.59541463
Ireland,1979,72.26802439,72.26802439
Ireland,1978,71.99631707,71.99631707
Ireland,1977,71.99739024,71.99739024
Ireland,1976,71.85660976,71.85660976
Ireland,1975,71.75304878,71.75304878
Ireland,1974,71.17556098,71.17556098
Ireland,1973,71.23997561,71.23997561
Ireland,1972,71.0217561,71.0217561
"Egypt, Arab Rep.",2021,,
"Egypt, Arab Rep.",2020,70.99,70.99
"Egypt, Arab Rep.",2019,71.358,71.358
"Egypt, Arab Rep.",2018,71.367,71.367
"Egypt, Arab Rep.",2017,71.302,71.302
"Egypt, Arab Rep.",2016,70.844,70.844
"Egypt, Arab Rep.",2015,70.483,70.483
"Egypt, Arab Rep.",2014,70.415,70.415
"Egypt, Arab Rep.",2013,70.052,70.052
"Egypt, Arab Rep.",2012,70.085,70.085
"Egypt, Arab Rep.",2011,69.88,69.88
"Egypt, Arab Rep.",2010,69.664,69.664
"Egypt, Arab Rep.",2009,69.48,69.48
"Egypt, Arab Rep.",2008,69.319,69.319
"Egypt, Arab Rep.",2007,69.128,69.128
"Egypt, Arab Rep.",2006,68.977,68.977
"Egypt, Arab Rep.",2005,68.779,68.779
"Egypt, Arab Rep.",2004,68.613,68.613
"Egypt, Arab Rep.",2003,68.402,68.402
"Egypt, Arab Rep.",2002,68.564,68.564
"Egypt, Arab Rep.",2001,68.308,68.308
"Egypt, Arab Rep.",2000,68.007,68.007
"Egypt, Arab Rep.",1999,67.737,67.737
"Egypt, Arab Rep.",1998,67.471,67.471
"Egypt, Arab Rep.",1997,67.197,67.197
"Egypt, Arab Rep.",1996,66.742,66.742
"Egypt, Arab Rep.",1995,66.312,66.312
"Egypt, Arab Rep.",1994,65.816,65.816
"Egypt, Arab Rep.",1993,65.468,65.468
"Egypt, Arab Rep.",1992,65.031,65.031
"Egypt, Arab Rep.",1991,64.755,64.755
"Egypt, Arab Rep.",1990,64.146,64.146
"Egypt, Arab Rep.",1989,63.628,63.628
"Egypt, Arab Rep.",1988,62.98,62.98
"Egypt, Arab Rep.",1987,62.137,62.137
"Egypt, Arab Rep.",1986,61.261,61.261
"Egypt, Arab Rep.",1985,60.542,60.542
"Egypt, Arab Rep.",1984,59.73,59.73
"Egypt, Arab Rep.",1983,58.888,58.888
"Egypt, Arab Rep.",1982,57.948,57.948
"Egypt, Arab Rep.",1981,57.138,57.138
"Egypt, Arab Rep.",1980,56.628,56.628
"Egypt, Arab Rep.",1979,55.802,55.802
"Egypt, Arab Rep.",1978,54.99,54.99
"Egypt, Arab Rep.",1977,54.134,54.134
"Egypt, Arab Rep.",1976,53.365,53.365
"Egypt, Arab Rep.",1975,52.591,52.591
"Egypt, Arab Rep.",1974,51.838,51.838
"Egypt, Arab Rep.",1973,50.852,50.852
"Egypt, Arab Rep.",1972,50.765,50.765
Singapore,2021,,
Singapore,2020,83.74390244,83.74390244
Singapore,2019,83.59512195,83.59512195
Singapore,2018,83.29756098,83.29756098
Singapore,2017,83.09512195,83.09512195
Singapore,2016,82.84634146,82.84634146
Singapore,2015,82.74390244,82.74390244
Singapore,2014,82.49512195,82.49512195
Singapore,2013,82.24634146,82.24634146
Singapore,2012,81.99512195,81.99512195
Singapore,2011,81.74390244,81.74390244
Singapore,2010,81.54146341,81.54146341
Singapore,2009,81.24146341,81.24146341
Singapore,2008,80.7902439,80.7902439
Singapore,2007,80.44146341,80.44146341
Singapore,2006,80.14146341,80.14146341
Singapore,2005,79.9902439,79.9902439
Singapore,2004,79.4902439,79.4902439
Singapore,2003,79.03902439,79.03902439
Singapore,2002,78.55121951,78.55121951
Singapore,2001,78.25121951,78.25121951
Singapore,2000,77.95121951,77.95121951
Singapore,1999,77.55121951,77.55121951
Singapore,1998,77.3,77.3
Singapore,1997,76.89756098,76.89756098
Singapore,1996,76.59512195,76.59512195
Singapore,1995,76.29512195,76.29512195
Singapore,1994,76.19756098,76.19756098
Singapore,1993,76.04634146,76.04634146
Singapore,1992,75.94634146,75.94634146
Singapore,1991,75.64634146,75.64634146
Singapore,1990,75.29512195,75.29512195
Singapore,1989,74.94634146,74.94634146
Singapore,1988,74.69756098,74.69756098
Singapore,1987,74.54878049,74.54878049
Singapore,1986,74.24634146,74.24634146
Singapore,1985,73.8902439,73.8902439
Singapore,1984,73.2902439,73.2902439
Singapore,1983,73.03658537,73.03658537
Singapore,1982,72.68780488,72.68780488
Singapore,1981,72.58780488,72.58780488
Singapore,1980,72.1902439,72.1902439
Singapore,1979,71.63921951,71.63921951
Singapore,1978,71.5467561,71.5467561
Singapore,1977,71.37112195,71.37112195
Singapore,1976,71.16507317,71.16507317
Singapore,1975,70.78343902,70.78343902
Singapore,1974,70.20134146,70.20134146
Singapore,1973,69.73980488,69.73980488
Singapore,1972,69.34678049,69.34678049
Argentina,2021,,
Argentina,2020,75.892,75.892
Argentina,2019,77.284,77.284
Argentina,2018,76.999,76.999
Argentina,2017,76.833,76.833
Argentina,2016,76.308,76.308
Argentina,2015,76.76,76.76
Argentina,2014,76.755,76.755
Argentina,2013,76.491,76.491
Argentina,2012,76.467,76.467
Argentina,2011,76.124,76.124
Argentina,2010,75.721,75.721
Argentina,2009,75.936,75.936
Argentina,2008,75.641,75.641
Argentina,2007,75.006,75.006
Argentina,2006,75.433,75.433
Argentina,2005,75.139,75.139
Argentina,2004,74.855,74.855
Argentina,2003,74.08,74.08
Argentina,2002,74.408,74.408
Argentina,2001,74.186,74.186
Argentina,2000,73.926,73.926
Argentina,1999,73.722,73.722
Argentina,1998,73.474,73.474
Argentina,1997,73.09,73.09
Argentina,1996,73.307,73.307
Argentina,1995,73.133,73.133
Argentina,1994,73.172,73.172
Argentina,1993,72.565,72.565
Argentina,1992,72.43,72.43
Argentina,1991,72.319,72.319
Argentina,1990,71.784,71.784
Argentina,1989,71.425,71.425
Argentina,1988,71.052,71.052
Argentina,1987,70.564,70.564
Argentina,1986,70.119,70.119
Argentina,1985,69.651,69.651
Argentina,1984,69.195,69.195
Argentina,1983,69.267,69.267
Argentina,1982,68.937,68.937
Argentina,1981,68.976,68.976
Argentina,1980,68.564,68.564
Argentina,1979,68.491,68.491
Argentina,1978,68.197,68.197
Argentina,1977,67.861,67.861
Argentina,1976,67.228,67.228
Argentina,1975,67.081,67.081
Argentina,1974,66.563,66.563
Argentina,1973,66.323,66.323
Argentina,1972,65.923,65.923
Oman,2021,,
Oman,2020,74.757,74.757
Oman,2019,78.002,78.002
Oman,2018,77.966,77.966
Oman,2017,77.924,77.924
Oman,2016,77.916,77.916
Oman,2015,77.687,77.687
Oman,2014,77.446,77.446
Oman,2013,77.246,77.246
Oman,2012,77.061,77.061
Oman,2011,76.608,76.608
Oman,2010,76.269,76.269
Oman,2009,74.681,74.681
Oman,2008,74.612,74.612
Oman,2007,74.461,74.461
Oman,2006,74.48,74.48
Oman,2005,74.396,74.396
Oman,2004,74.329,74.329
Oman,2003,74.14,74.14
Oman,2002,73.869,73.869
Oman,2001,73.808,73.808
Oman,2000,73.466,73.466
Oman,1999,73.184,73.184
Oman,1998,72.97,72.97
Oman,1997,72.415,72.415
Oman,1996,72.191,72.191
Oman,1995,71.99,71.99
Oman,1994,71.385,71.385
Oman,1993,71.165,71.165
Oman,1992,70.656,70.656
Oman,1991,70.189,70.189
Oman,1990,69.782,69.782
Oman,1989,69.156,69.156
Oman,1988,68.58,68.58
Oman,1987,67.887,67.887
Oman,1986,67.014,67.014
Oman,1985,66.272,66.272
Oman,1984,65.254,65.254
Oman,1983,64.217,64.217
Oman,1982,62.96,62.96
Oman,1981,61.646,61.646
Oman,1980,60.447,60.447
Oman,1979,59.151,59.151
Oman,1978,57.709,57.709
Oman,1977,56.257,56.257
Oman,1976,55.221,55.221
Oman,1975,53.297,53.297
Oman,1974,52.098,52.098
Oman,1973,50.859,50.859
Oman,1972,49.571,49.571
New Zealand,2021,,
New Zealand,2020,82.05609756,82.05609756
New Zealand,2019,81.70731707,81.70731707
New Zealand,2018,81.85853659,81.85853659
New Zealand,2017,81.65853659,81.65853659
New Zealand,2016,81.61243902,81.61243902
New Zealand,2015,81.45682927,81.45682927
New Zealand,2014,81.40487805,81.40487805
New Zealand,2013,81.40731707,81.40731707
New Zealand,2012,81.15609756,81.15609756
New Zealand,2011,80.90487805,80.90487805
New Zealand,2010,80.70243902,80.70243902
New Zealand,2009,80.70243902,80.70243902
New Zealand,2008,80.35121951,80.35121951
New Zealand,2007,80.15121951,80.15121951
New Zealand,2006,80.04878049,80.04878049
New Zealand,2005,79.85121951,79.85121951
New Zealand,2004,79.54878049,79.54878049
New Zealand,2003,79.14634146,79.14634146
New Zealand,2002,78.84634146,78.84634146
New Zealand,2001,78.69268293,78.69268293
New Zealand,2000,78.63658537,78.63658537
New Zealand,1999,77.8902439,77.8902439
New Zealand,1998,78.08536585,78.08536585
New Zealand,1997,77.33414634,77.33414634
New Zealand,1996,76.78780488,76.78780488
New Zealand,1995,76.73414634,76.73414634
New Zealand,1994,76.88292683,76.88292683
New Zealand,1993,76.43414634,76.43414634
New Zealand,1992,76.12439024,76.12439024
New Zealand,1991,76.03170732,76.03170732
New Zealand,1990,75.37804878,75.37804878
New Zealand,1989,74.82439024,74.82439024
New Zealand,1988,74.42439024,74.42439024
New Zealand,1987,74.17804878,74.17804878
New Zealand,1986,74.12195122,74.12195122
New Zealand,1985,73.82926829,73.82926829
New Zealand,1984,74.37073171,74.37073171
New Zealand,1983,73.77560976,73.77560976
New Zealand,1982,73.72439024,73.72439024
New Zealand,1981,73.62195122,73.62195122
New Zealand,1980,72.82926829,72.82926829
New Zealand,1979,73.06829268,73.06829268
New Zealand,1978,73.0195122,73.0195122
New Zealand,1977,72.16829268,72.16829268
New Zealand,1976,72.42195122,72.42195122
New Zealand,1975,72.2195122,72.2195122
New Zealand,1974,71.92439024,71.92439024
New Zealand,1973,71.66829268,71.66829268
New Zealand,1972,71.82926829,71.82926829
Myanmar,2021,,
Myanmar,2020,66.797,66.797
Myanmar,2019,66.61,66.61
Myanmar,2018,66.465,66.465
Myanmar,2017,65.843,65.843
Myanmar,2016,65.685,65.685
Myanmar,2015,65.561,65.561
Myanmar,2014,65.056,65.056
Myanmar,2013,64.815,64.815
Myanmar,2012,64.141,64.141
Myanmar,2011,63.901,63.901
Myanmar,2010,63.329,63.329
Myanmar,2009,63.155,63.155
Myanmar,2008,56.506,56.506
Myanmar,2007,62.371,62.371
Myanmar,2006,61.893,61.893
Myanmar,2005,61.599,61.599
Myanmar,2004,61.25,61.25
Myanmar,2003,60.98,60.98
Myanmar,2002,60.725,60.725
Myanmar,2001,60.416,60.416
Myanmar,2000,60.155,60.155
Myanmar,1999,59.881,59.881
Myanmar,1998,59.794,59.794
Myanmar,1997,59.243,59.243
Myanmar,1996,58.941,58.941
Myanmar,1995,58.259,58.259
Myanmar,1994,57.956,57.956
Myanmar,1993,57.631,57.631
Myanmar,1992,57.251,57.251
Myanmar,1991,57.014,57.014
Myanmar,1990,56.661,56.661
Myanmar,1989,56.565,56.565
Myanmar,1988,56.085,56.085
Myanmar,1987,56.076,56.076
Myanmar,1986,55.877,55.877
Myanmar,1985,55.642,55.642
Myanmar,1984,55.472,55.472
Myanmar,1983,55.202,55.202
Myanmar,1982,54.955,54.955
Myanmar,1981,54.646,54.646
Myanmar,1980,54.362,54.362
Myanmar,1979,53.944,53.944
Myanmar,1978,53.474,53.474
Myanmar,1977,53.305,53.305
Myanmar,1976,52.982,52.982
Myanmar,1975,52.516,52.516
Myanmar,1974,52.246,52.246
Myanmar,1973,51.87,51.87
Myanmar,1972,51.498,51.498
Brazil,2021,,
Brazil,2020,74.009,74.009
Brazil,2019,75.338,75.338
Brazil,2018,75.109,75.109
Brazil,2017,74.827,74.827
Brazil,2016,74.442,74.442
Brazil,2015,74.332,74.332
Brazil,2014,74.306,74.306
Brazil,2013,73.918,73.918
Brazil,2012,73.552,73.552
Brazil,2011,73.343,73.343
Brazil,2010,73.182,73.182
Brazil,2009,72.948,72.948
Brazil,2008,72.715,72.715
Brazil,2007,72.365,72.365
Brazil,2006,72.037,72.037
Brazil,2005,71.753,71.753
Brazil,2004,71.131,71.131
Brazil,2003,70.72,70.72
Brazil,2002,70.41,70.41
Brazil,2001,70.195,70.195
Brazil,2000,69.737,69.737
Brazil,1999,69.524,69.524
Brazil,1998,69.189,69.189
Brazil,1997,68.813,68.813
Brazil,1996,68.409,68.409
Brazil,1995,67.919,67.919
Brazil,1994,67.568,67.568
Brazil,1993,67.109,67.109
Brazil,1992,66.708,66.708
Brazil,1991,66.31,66.31
Brazil,1990,65.985,65.985
Brazil,1989,65.868,65.868
Brazil,1988,65.454,65.454
Brazil,1987,65.08,65.08
Brazil,1986,64.64,64.64
Brazil,1985,64.198,64.198
Brazil,1984,63.773,63.773
Brazil,1983,63.331,63.331
Brazil,1982,62.856,62.856
Brazil,1981,62.333,62.333
Brazil,1980,61.781,61.781
Brazil,1979,61.253,61.253
Brazil,1978,60.72,60.72
Brazil,1977,60.24,60.24
Brazil,1976,59.792,59.792
Brazil,1975,59.353,59.353
Brazil,1974,58.881,58.881
Brazil,1973,58.472,58.472
Brazil,1972,58.032,58.032
Uganda,2021,,
Uganda,2020,62.851,62.851
Uganda,2019,62.991,62.991
Uganda,2018,62.714,62.714
Uganda,2017,62.115,62.115
Uganda,2016,61.648,61.648
Uganda,2015,61.086,61.086
Uganda,2014,60.408,60.408
Uganda,2013,59.763,59.763
Uganda,2012,58.817,58.817
Uganda,2011,57.965,57.965
Uganda,2010,57.055,57.055
Uganda,2009,56.488,56.488
Uganda,2008,55.823,55.823
Uganda,2007,55.236,55.236
Uganda,2006,54.369,54.369
Uganda,2005,52.976,52.976
Uganda,2004,51.547,51.547
Uganda,2003,50.368,50.368
Uganda,2002,49.648,49.648
Uganda,2001,49.006,49.006
Uganda,2000,48.342,48.342
Uganda,1999,47.786,47.786
Uganda,1998,47.175,47.175
Uganda,1997,46.977,46.977
Uganda,1996,46.67,46.67
Uganda,1995,46.567,46.567
Uganda,1994,46.353,46.353
Uganda,1993,46.237,46.237
Uganda,1992,46.368,46.368
Uganda,1991,46.316,46.316
Uganda,1990,46.443,46.443
Uganda,1989,46.472,46.472
Uganda,1988,46.701,46.701
Uganda,1987,46.619,46.619
Uganda,1986,45.322,45.322
Uganda,1985,45.381,45.381
Uganda,1984,43.752,43.752
Uganda,1983,43.519,43.519
Uganda,1982,43.185,43.185
Uganda,1981,43.09,43.09
Uganda,1980,42.949,42.949
Uganda,1979,44.981,44.981
Uganda,1978,45.207,45.207
Uganda,1977,45.511,45.511
Uganda,1976,45.869,45.869
Uganda,1975,46.267,46.267
Uganda,1974,46.612,46.612
Uganda,1973,46.84,46.84
Uganda,1972,46.967,46.967
United States,2021,,
United States,2020,77.2804878,77.2804878
United States,2019,78.78780488,78.78780488
United States,2018,78.63902439,78.63902439
United States,2017,78.53902439,78.53902439
United States,2016,78.53902439,78.53902439
United States,2015,78.6902439,78.6902439
United States,2014,78.84146341,78.84146341
United States,2013,78.74146341,78.74146341
United States,2012,78.74146341,78.74146341
United States,2011,78.64146341,78.64146341
United States,2010,78.54146341,78.54146341
United States,2009,78.3902439,78.3902439
United States,2008,78.03902439,78.03902439
United States,2007,77.98780488,77.98780488
United States,2006,77.68780488,77.68780488
United States,2005,77.48780488,77.48780488
United States,2004,77.48780488,77.48780488
United States,2003,77.03658537,77.03658537
United States,2002,76.93658537,76.93658537
United States,2001,76.83658537,76.83658537
United States,2000,76.63658537,76.63658537
United States,1999,76.58292683,76.58292683
United States,1998,76.5804878,76.5804878
United States,1997,76.42926829,76.42926829
United States,1996,76.02682927,76.02682927
United States,1995,75.62195122,75.62195122
United States,1994,75.6195122,75.6195122
United States,1993,75.4195122,75.4195122
United States,1992,75.61707317,75.61707317
United States,1991,75.36585366,75.36585366
United States,1990,75.21463415,75.21463415
United States,1989,75.01707317,75.01707317
United States,1988,74.76585366,74.76585366
United States,1987,74.76585366,74.76585366
United States,1986,74.61463415,74.61463415
United States,1985,74.56341463,74.56341463
United States,1984,74.56341463,74.56341463
United States,1983,74.46341463,74.46341463
United States,1982,74.36097561,74.36097561
United States,1981,74.0097561,74.0097561
United States,1980,73.6097561,73.6097561
United States,1979,73.80487805,73.80487805
United States,1978,73.35609756,73.35609756
United States,1977,73.25609756,73.25609756
United States,1976,72.85609756,72.85609756
United States,1975,72.60487805,72.60487805
United States,1974,71.95609756,71.95609756
United States,1973,71.35609756,71.35609756
United States,1972,71.15609756,71.15609756
Cyprus,2021,,
Cyprus,2020,81.391,81.391
Cyprus,2019,81.397,81.397
Cyprus,2018,81.382,81.382
Cyprus,2017,81.328,81.328
Cyprus,2016,81.056,81.056
Cyprus,2015,80.966,80.966
Cyprus,2014,80.771,80.771
Cyprus,2013,80.402,80.402
Cyprus,2012,80.109,80.109
Cyprus,2011,79.999,79.999
Cyprus,2010,79.665,79.665
Cyprus,2009,79.401,79.401
Cyprus,2008,78.981,78.981
Cyprus,2007,78.81,78.81
Cyprus,2006,78.371,78.371
Cyprus,2005,78.101,78.101
Cyprus,2004,77.944,77.944
Cyprus,2003,77.788,77.788
Cyprus,2002,77.487,77.487
Cyprus,2001,76.989,76.989
Cyprus,2000,76.568,76.568
Cyprus,1999,76.295,76.295
Cyprus,1998,76.182,76.182
Cyprus,1997,75.841,75.841
Cyprus,1996,75.522,75.522
Cyprus,1995,75.133,75.133
Cyprus,1994,74.72,74.72
Cyprus,1993,74.65,74.65
Cyprus,1992,74.177,74.177
Cyprus,1991,73.716,73.716
Cyprus,1990,73.539,73.539
Cyprus,1989,73.48,73.48
Cyprus,1988,73.129,73.129
Cyprus,1987,73.089,73.089
Cyprus,1986,72.651,72.651
Cyprus,1985,72.647,72.647
Cyprus,1984,72.255,72.255
Cyprus,1983,72.311,72.311
Cyprus,1982,71.981,71.981
Cyprus,1981,71.941,71.941
Cyprus,1980,71.95,71.95
Cyprus,1979,71.895,71.895
Cyprus,1978,71.767,71.767
Cyprus,1977,71.302,71.302
Cyprus,1976,71.04,71.04
Cyprus,1975,70.518,70.518
Cyprus,1974,55.23,55.23
Cyprus,1973,70.163,70.163
Cyprus,1972,69.811,69.811
World,2021,,
World,2020,72.26501127,72.26501127
World,2019,72.97684987,72.97684987
World,2018,72.78523684,72.78523684
World,2017,72.54304407,72.54304407
World,2016,72.34522142,72.34522142
World,2015,72.09550069,72.09550069
World,2014,71.88145395,71.88145395
World,2013,71.57741222,71.57741222
World,2012,71.28406932,71.28406932
World,2011,71.00785702,71.00785702
World,2010,70.67061712,70.67061712
World,2009,70.40137773,70.40137773
World,2008,70.00608347,70.00608347
World,2007,69.83526843,69.83526843
World,2006,69.57018726,69.57018726
World,2005,69.19839279,69.19839279
World,2004,68.86169982,68.86169982
World,2003,68.60681056,68.60681056
World,2002,68.33037926,68.33037926
World,2001,68.05179944,68.05179944
World,2000,67.70005399,67.70005399
World,1999,67.38653519,67.38653519
World,1998,67.09133969,67.09133969
World,1997,66.82225565,66.82225565
World,1996,66.47254911,66.47254911
World,1995,66.20836772,66.20836772
World,1994,66.01739655,66.01739655
World,1993,65.7732337,65.7732337
World,1992,65.59010214,65.59010214
World,1991,65.33791908,65.33791908
World,1990,65.18087966,65.18087966
World,1989,65.01676908,65.01676908
World,1988,64.67890395,64.67890395
World,1987,64.50673474,64.50673474
World,1986,64.20234634,64.20234634
World,1985,63.80667659,63.80667659
World,1984,63.51330354,63.51330354
World,1983,63.20813815,63.20813815
World,1982,62.96432231,62.96432231
World,1981,62.60091019,62.60091019
World,1980,62.22485319,62.22485319
World,1979,61.89724234,61.89724234
World,1978,61.48096,61.48096
World,1977,61.12472075,61.12472075
World,1976,60.63261402,60.63261402
World,1975,60.17365024,60.17365024
World,1974,59.71818923,59.71818923
World,1973,59.29207433,59.29207433
World,1972,58.78696633,58.78696633
